ID,Pred
2022_1103_1104,0.195298768
2022_1103_1112,0.135267575
2022_1103_1116,0.17316571
2022_1103_1120,0.139072438
2022_1103_1124,0.133893043
2022_1103_1129,0.218624298
2022_1103_1136,0.539749224
2022_1103_1151,0.304563606
2022_1103_1159,0.526624142
2022_1103_1161,0.18411496
2022_1103_1163,0.185784392
2022_1103_1166,0.243914822
2022_1103_1168,0.532077467
2022_1103_1172,0.217173439
2022_1103_1174,0.48779632
2022_1103_1181,0.157771385
2022_1103_1209,0.503998617
2022_1103_1211,0.142647656
2022_1103_1222,0.162165574
2022_1103_1228,0.170753635
2022_1103_1231,0.270350783
2022_1103_1234,0.189359611
2022_1103_1235,0.212019487
2022_1103_1240,0.492326118
2022_1103_1242,0.141484512
2022_1103_1246,0.14225146
2022_1103_1255,0.42381923
2022_1103_1260,0.22148184
2022_1103_1261,0.187925872
2022_1103_1266,0.227858143
2022_1103_1272,0.23781685
2022_1103_1274,0.234263775
2022_1103_1276,0.235927708
2022_1103_1277,0.206881044
2022_1103_1286,0.440935009
2022_1103_1293,0.188941859
2022_1103_1308,0.305798166
2022_1103_1313,0.485719695
2022_1103_1314,0.193680221
2022_1103_1323,0.243479363
2022_1103_1326,0.208188045
2022_1103_1344,0.156323275
2022_1103_1345,0.15456692
2022_1103_1350,0.352259396
2022_1103_1353,0.285133088
2022_1103_1355,0.26330164
2022_1103_1361,0.212906463
2022_1103_1362,0.226853228
2022_1103_1371,0.201770792
2022_1103_1388,0.181171631
2022_1103_1389,0.519948979
2022_1103_1394,0.724334325
2022_1103_1395,0.219121788
2022_1103_1397,0.151488055
2022_1103_1400,0.184173031
2022_1103_1403,0.163043752
2022_1103_1411,0.670534367
2022_1103_1412,0.300268439
2022_1103_1417,0.165228931
2022_1103_1425,0.190799985
2022_1103_1436,0.323185089
2022_1103_1437,0.157982773
2022_1103_1439,0.282057523
2022_1103_1458,0.163410068
2022_1103_1460,0.648369305
2022_1103_1461,0.241474555
2022_1103_1463,0.485007994
2022_1104_1112,0.44064623
2022_1104_1116,0.478544365
2022_1104_1120,0.444451093
2022_1104_1124,0.439271699
2022_1104_1129,0.524002953
2022_1104_1136,0.845127879
2022_1104_1151,0.609942262
2022_1104_1159,0.832002798
2022_1104_1161,0.489493616
2022_1104_1163,0.491163048
2022_1104_1166,0.549293477
2022_1104_1168,0.837456123
2022_1104_1172,0.522552094
2022_1104_1174,0.793174976
2022_1104_1181,0.463150041
2022_1104_1209,0.809377273
2022_1104_1211,0.448026311
2022_1104_1222,0.467544229
2022_1104_1228,0.476132291
2022_1104_1231,0.575729438
2022_1104_1234,0.494738266
2022_1104_1235,0.517398143
2022_1104_1240,0.797704774
2022_1104_1242,0.446863168
2022_1104_1246,0.447630116
2022_1104_1255,0.729197886
2022_1104_1260,0.526860496
2022_1104_1261,0.493304528
2022_1104_1266,0.533236799
2022_1104_1272,0.543195505
2022_1104_1274,0.53964243
2022_1104_1276,0.541306363
2022_1104_1277,0.512259699
2022_1104_1286,0.746313664
2022_1104_1293,0.494320514
2022_1104_1308,0.611176822
2022_1104_1313,0.79109835
2022_1104_1314,0.499058876
2022_1104_1323,0.548858018
2022_1104_1326,0.513566701
2022_1104_1344,0.461701931
2022_1104_1345,0.459945575
2022_1104_1350,0.657638051
2022_1104_1353,0.590511744
2022_1104_1355,0.568680296
2022_1104_1361,0.518285119
2022_1104_1362,0.532231884
2022_1104_1371,0.507149448
2022_1104_1388,0.486550286
2022_1104_1389,0.825327634
2022_1104_1394,0.965
2022_1104_1395,0.524500443
2022_1104_1397,0.456866711
2022_1104_1400,0.489551687
2022_1104_1403,0.468422407
2022_1104_1411,0.965
2022_1104_1412,0.605647095
2022_1104_1417,0.470607587
2022_1104_1425,0.496178641
2022_1104_1436,0.628563745
2022_1104_1437,0.463361428
2022_1104_1439,0.587436178
2022_1104_1458,0.468788724
2022_1104_1460,0.95374796
2022_1104_1461,0.546853211
2022_1104_1463,0.79038665
2022_1112_1116,0.538575558
2022_1112_1120,0.504482286
2022_1112_1124,0.499302892
2022_1112_1129,0.584034146
2022_1112_1136,0.905159072
2022_1112_1151,0.669973455
2022_1112_1159,0.892033991
2022_1112_1161,0.549524809
2022_1112_1163,0.551194241
2022_1112_1166,0.60932467
2022_1112_1168,0.897487316
2022_1112_1172,0.582583287
2022_1112_1174,0.853206169
2022_1112_1181,0.523181234
2022_1112_1209,0.869408465
2022_1112_1211,0.508057504
2022_1112_1222,0.527575422
2022_1112_1228,0.536163484
2022_1112_1231,0.635760631
2022_1112_1234,0.554769459
2022_1112_1235,0.577429336
2022_1112_1240,0.857735966
2022_1112_1242,0.50689436
2022_1112_1246,0.507661309
2022_1112_1255,0.789229078
2022_1112_1260,0.586891689
2022_1112_1261,0.55333572
2022_1112_1266,0.593267992
2022_1112_1272,0.603226698
2022_1112_1274,0.599673623
2022_1112_1276,0.601337556
2022_1112_1277,0.572290892
2022_1112_1286,0.806344857
2022_1112_1293,0.554351707
2022_1112_1308,0.671208014
2022_1112_1313,0.851129543
2022_1112_1314,0.559090069
2022_1112_1323,0.608889211
2022_1112_1326,0.573597894
2022_1112_1344,0.521733124
2022_1112_1345,0.519976768
2022_1112_1350,0.717669244
2022_1112_1353,0.650542936
2022_1112_1355,0.628711489
2022_1112_1361,0.578316312
2022_1112_1362,0.592263077
2022_1112_1371,0.56718064
2022_1112_1388,0.546581479
2022_1112_1389,0.885358827
2022_1112_1394,0.965
2022_1112_1395,0.584531636
2022_1112_1397,0.516897903
2022_1112_1400,0.54958288
2022_1112_1403,0.5284536
2022_1112_1411,0.965
2022_1112_1412,0.665678287
2022_1112_1417,0.53063878
2022_1112_1425,0.556209833
2022_1112_1436,0.688594938
2022_1112_1437,0.523392621
2022_1112_1439,0.647467371
2022_1112_1458,0.528819917
2022_1112_1460,0.965
2022_1112_1461,0.606884404
2022_1112_1463,0.850417842
2022_1116_1120,0.466584151
2022_1116_1124,0.461404757
2022_1116_1129,0.546136011
2022_1116_1136,0.867260937
2022_1116_1151,0.63207532
2022_1116_1159,0.854135856
2022_1116_1161,0.511626674
2022_1116_1163,0.513296106
2022_1116_1166,0.571426535
2022_1116_1168,0.859589181
2022_1116_1172,0.544685152
2022_1116_1174,0.815308033
2022_1116_1181,0.485283099
2022_1116_1209,0.83151033
2022_1116_1211,0.470159369
2022_1116_1222,0.489677287
2022_1116_1228,0.498265349
2022_1116_1231,0.597862496
2022_1116_1234,0.516871324
2022_1116_1235,0.539531201
2022_1116_1240,0.819837831
2022_1116_1242,0.468996225
2022_1116_1246,0.469763174
2022_1116_1255,0.751330943
2022_1116_1260,0.548993554
2022_1116_1261,0.515437585
2022_1116_1266,0.555369856
2022_1116_1272,0.565328563
2022_1116_1274,0.561775488
2022_1116_1276,0.563439421
2022_1116_1277,0.534392757
2022_1116_1286,0.768446722
2022_1116_1293,0.516453572
2022_1116_1308,0.633309879
2022_1116_1313,0.813231408
2022_1116_1314,0.521191934
2022_1116_1323,0.570991076
2022_1116_1326,0.535699759
2022_1116_1344,0.483834989
2022_1116_1345,0.482078633
2022_1116_1350,0.679771109
2022_1116_1353,0.612644801
2022_1116_1355,0.590813354
2022_1116_1361,0.540418177
2022_1116_1362,0.554364941
2022_1116_1371,0.529282505
2022_1116_1388,0.508683344
2022_1116_1389,0.847460692
2022_1116_1394,0.965
2022_1116_1395,0.546633501
2022_1116_1397,0.478999768
2022_1116_1400,0.511684744
2022_1116_1403,0.490555465
2022_1116_1411,0.965
2022_1116_1412,0.627780152
2022_1116_1417,0.492740644
2022_1116_1425,0.518311698
2022_1116_1436,0.650696803
2022_1116_1437,0.485494486
2022_1116_1439,0.609569236
2022_1116_1458,0.490921782
2022_1116_1460,0.965
2022_1116_1461,0.568986269
2022_1116_1463,0.812519707
2022_1120_1124,0.495498029
2022_1120_1129,0.580229283
2022_1120_1136,0.901354209
2022_1120_1151,0.666168592
2022_1120_1159,0.888229128
2022_1120_1161,0.545719946
2022_1120_1163,0.547389378
2022_1120_1166,0.605519807
2022_1120_1168,0.893682453
2022_1120_1172,0.578778424
2022_1120_1174,0.849401306
2022_1120_1181,0.519376371
2022_1120_1209,0.865603603
2022_1120_1211,0.504252641
2022_1120_1222,0.523770559
2022_1120_1228,0.532358621
2022_1120_1231,0.631955768
2022_1120_1234,0.550964596
2022_1120_1235,0.573624473
2022_1120_1240,0.853931104
2022_1120_1242,0.503089498
2022_1120_1246,0.503856446
2022_1120_1255,0.785424216
2022_1120_1260,0.583086826
2022_1120_1261,0.549530858
2022_1120_1266,0.589463129
2022_1120_1272,0.599421835
2022_1120_1274,0.59586876
2022_1120_1276,0.597532693
2022_1120_1277,0.568486029
2022_1120_1286,0.802539994
2022_1120_1293,0.550546844
2022_1120_1308,0.667403152
2022_1120_1313,0.84732468
2022_1120_1314,0.555285206
2022_1120_1323,0.605084348
2022_1120_1326,0.569793031
2022_1120_1344,0.517928261
2022_1120_1345,0.516171905
2022_1120_1350,0.713864381
2022_1120_1353,0.646738074
2022_1120_1355,0.624906626
2022_1120_1361,0.574511449
2022_1120_1362,0.588458214
2022_1120_1371,0.563375778
2022_1120_1388,0.542776616
2022_1120_1389,0.881553964
2022_1120_1394,0.965
2022_1120_1395,0.580726774
2022_1120_1397,0.513093041
2022_1120_1400,0.545778017
2022_1120_1403,0.524648737
2022_1120_1411,0.965
2022_1120_1412,0.661873425
2022_1120_1417,0.526833917
2022_1120_1425,0.552404971
2022_1120_1436,0.684790075
2022_1120_1437,0.519587758
2022_1120_1439,0.643662508
2022_1120_1458,0.525015054
2022_1120_1460,0.965
2022_1120_1461,0.603079541
2022_1120_1463,0.84661298
2022_1124_1129,0.585408678
2022_1124_1136,0.906533603
2022_1124_1151,0.671347986
2022_1124_1159,0.893408522
2022_1124_1161,0.55089934
2022_1124_1163,0.552568772
2022_1124_1166,0.610699202
2022_1124_1168,0.898861847
2022_1124_1172,0.583957818
2022_1124_1174,0.8545807
2022_1124_1181,0.524555765
2022_1124_1209,0.870782997
2022_1124_1211,0.509432035
2022_1124_1222,0.528949954
2022_1124_1228,0.537538015
2022_1124_1231,0.637135162
2022_1124_1234,0.55614399
2022_1124_1235,0.578803867
2022_1124_1240,0.859110498
2022_1124_1242,0.508268892
2022_1124_1246,0.50903584
2022_1124_1255,0.79060361
2022_1124_1260,0.58826622
2022_1124_1261,0.554710252
2022_1124_1266,0.594642523
2022_1124_1272,0.604601229
2022_1124_1274,0.601048154
2022_1124_1276,0.602712087
2022_1124_1277,0.573665423
2022_1124_1286,0.807719388
2022_1124_1293,0.555726238
2022_1124_1308,0.672582546
2022_1124_1313,0.852504074
2022_1124_1314,0.5604646
2022_1124_1323,0.610263742
2022_1124_1326,0.574972425
2022_1124_1344,0.523107655
2022_1124_1345,0.521351299
2022_1124_1350,0.719043776
2022_1124_1353,0.651917468
2022_1124_1355,0.63008602
2022_1124_1361,0.579690843
2022_1124_1362,0.593637608
2022_1124_1371,0.568555172
2022_1124_1388,0.547956011
2022_1124_1389,0.886733358
2022_1124_1394,0.965
2022_1124_1395,0.585906168
2022_1124_1397,0.518272435
2022_1124_1400,0.550957411
2022_1124_1403,0.529828131
2022_1124_1411,0.965
2022_1124_1412,0.667052819
2022_1124_1417,0.532013311
2022_1124_1425,0.557584365
2022_1124_1436,0.689969469
2022_1124_1437,0.524767152
2022_1124_1439,0.648841902
2022_1124_1458,0.530194448
2022_1124_1460,0.965
2022_1124_1461,0.608258935
2022_1124_1463,0.851792374
2022_1129_1136,0.821802349
2022_1129_1151,0.586616732
2022_1129_1159,0.808677267
2022_1129_1161,0.466168085
2022_1129_1163,0.467837518
2022_1129_1166,0.525967947
2022_1129_1168,0.814130592
2022_1129_1172,0.499226564
2022_1129_1174,0.769849445
2022_1129_1181,0.439824511
2022_1129_1209,0.786051742
2022_1129_1211,0.424700781
2022_1129_1222,0.444218699
2022_1129_1228,0.45280676
2022_1129_1231,0.552403908
2022_1129_1234,0.471412736
2022_1129_1235,0.494072612
2022_1129_1240,0.774379243
2022_1129_1242,0.423537637
2022_1129_1246,0.424304586
2022_1129_1255,0.705872355
2022_1129_1260,0.503534966
2022_1129_1261,0.469978997
2022_1129_1266,0.509911268
2022_1129_1272,0.519869975
2022_1129_1274,0.5163169
2022_1129_1276,0.517980833
2022_1129_1277,0.488934169
2022_1129_1286,0.722988134
2022_1129_1293,0.470994984
2022_1129_1308,0.587851291
2022_1129_1313,0.76777282
2022_1129_1314,0.475733346
2022_1129_1323,0.525532488
2022_1129_1326,0.49024117
2022_1129_1344,0.438376401
2022_1129_1345,0.436620045
2022_1129_1350,0.634312521
2022_1129_1353,0.567186213
2022_1129_1355,0.545354766
2022_1129_1361,0.494959589
2022_1129_1362,0.508906353
2022_1129_1371,0.483823917
2022_1129_1388,0.463224756
2022_1129_1389,0.802002104
2022_1129_1394,0.965
2022_1129_1395,0.501174913
2022_1129_1397,0.43354118
2022_1129_1400,0.466226156
2022_1129_1403,0.445096877
2022_1129_1411,0.952587492
2022_1129_1412,0.582321564
2022_1129_1417,0.447282056
2022_1129_1425,0.47285311
2022_1129_1436,0.605238215
2022_1129_1437,0.440035898
2022_1129_1439,0.564110648
2022_1129_1458,0.445463194
2022_1129_1460,0.93042243
2022_1129_1461,0.52352768
2022_1129_1463,0.767061119
2022_1136_1151,0.265491806
2022_1136_1159,0.487552342
2022_1136_1161,0.14504316
2022_1136_1163,0.146712592
2022_1136_1166,0.204843021
2022_1136_1168,0.493005667
2022_1136_1172,0.178101638
2022_1136_1174,0.44872452
2022_1136_1181,0.118699585
2022_1136_1209,0.464926817
2022_1136_1211,0.103575855
2022_1136_1222,0.123093773
2022_1136_1228,0.131681835
2022_1136_1231,0.231278982
2022_1136_1234,0.15028781
2022_1136_1235,0.172947687
2022_1136_1240,0.453254318
2022_1136_1242,0.102412712
2022_1136_1246,0.10317966
2022_1136_1255,0.384747429
2022_1136_1260,0.18241004
2022_1136_1261,0.148854071
2022_1136_1266,0.188786343
2022_1136_1272,0.198745049
2022_1136_1274,0.195191974
2022_1136_1276,0.196855907
2022_1136_1277,0.167809243
2022_1136_1286,0.401863208
2022_1136_1293,0.149870058
2022_1136_1308,0.266726365
2022_1136_1313,0.446647894
2022_1136_1314,0.15460842
2022_1136_1323,0.204407562
2022_1136_1326,0.169116245
2022_1136_1344,0.117251475
2022_1136_1345,0.115495119
2022_1136_1350,0.313187595
2022_1136_1353,0.246061287
2022_1136_1355,0.22422984
2022_1136_1361,0.173834663
2022_1136_1362,0.187781428
2022_1136_1371,0.162698992
2022_1136_1388,0.14209983
2022_1136_1389,0.480877178
2022_1136_1394,0.685262525
2022_1136_1395,0.180049987
2022_1136_1397,0.112416255
2022_1136_1400,0.145101231
2022_1136_1403,0.123971951
2022_1136_1411,0.631462567
2022_1136_1412,0.261196639
2022_1136_1417,0.126157131
2022_1136_1425,0.151728185
2022_1136_1436,0.284113289
2022_1136_1437,0.118910972
2022_1136_1439,0.242985722
2022_1136_1458,0.124338268
2022_1136_1460,0.609297504
2022_1136_1461,0.202402755
2022_1136_1463,0.445936193
2022_1151_1159,0.722737959
2022_1151_1161,0.380228777
2022_1151_1163,0.381898209
2022_1151_1166,0.440028639
2022_1151_1168,0.728191284
2022_1151_1172,0.413287255
2022_1151_1174,0.683910137
2022_1151_1181,0.353885202
2022_1151_1209,0.700112434
2022_1151_1211,0.338761473
2022_1151_1222,0.358279391
2022_1151_1228,0.366867452
2022_1151_1231,0.466464599
2022_1151_1234,0.385473427
2022_1151_1235,0.408133304
2022_1151_1240,0.688439935
2022_1151_1242,0.337598329
2022_1151_1246,0.338365277
2022_1151_1255,0.619933047
2022_1151_1260,0.417595657
2022_1151_1261,0.384039689
2022_1151_1266,0.42397196
2022_1151_1272,0.433930666
2022_1151_1274,0.430377591
2022_1151_1276,0.432041525
2022_1151_1277,0.40299486
2022_1151_1286,0.637048825
2022_1151_1293,0.385055675
2022_1151_1308,0.501911983
2022_1151_1313,0.681833511
2022_1151_1314,0.389794037
2022_1151_1323,0.439593179
2022_1151_1326,0.404301862
2022_1151_1344,0.352437092
2022_1151_1345,0.350680737
2022_1151_1350,0.548373213
2022_1151_1353,0.481246905
2022_1151_1355,0.459415457
2022_1151_1361,0.40902028
2022_1151_1362,0.422967045
2022_1151_1371,0.397884609
2022_1151_1388,0.377285448
2022_1151_1389,0.716062795
2022_1151_1394,0.920448142
2022_1151_1395,0.415235605
2022_1151_1397,0.347601872
2022_1151_1400,0.380286848
2022_1151_1403,0.359157568
2022_1151_1411,0.866648184
2022_1151_1412,0.496382256
2022_1151_1417,0.361342748
2022_1151_1425,0.386913802
2022_1151_1436,0.519298906
2022_1151_1437,0.354096589
2022_1151_1439,0.478171339
2022_1151_1458,0.359523885
2022_1151_1460,0.844483122
2022_1151_1461,0.437588372
2022_1151_1463,0.681121811
2022_1159_1161,0.158168241
2022_1159_1163,0.159837673
2022_1159_1166,0.217968103
2022_1159_1168,0.506130748
2022_1159_1172,0.19122672
2022_1159_1174,0.461849601
2022_1159_1181,0.131824666
2022_1159_1209,0.478051898
2022_1159_1211,0.116700937
2022_1159_1222,0.136218855
2022_1159_1228,0.144806916
2022_1159_1231,0.244404063
2022_1159_1234,0.163412892
2022_1159_1235,0.186072768
2022_1159_1240,0.466379399
2022_1159_1242,0.115537793
2022_1159_1246,0.116304741
2022_1159_1255,0.397872511
2022_1159_1260,0.195535121
2022_1159_1261,0.161979153
2022_1159_1266,0.201911424
2022_1159_1272,0.211870131
2022_1159_1274,0.208317056
2022_1159_1276,0.209980989
2022_1159_1277,0.180934325
2022_1159_1286,0.41498829
2022_1159_1293,0.16299514
2022_1159_1308,0.279851447
2022_1159_1313,0.459772976
2022_1159_1314,0.167733502
2022_1159_1323,0.217532644
2022_1159_1326,0.182241326
2022_1159_1344,0.130376556
2022_1159_1345,0.128620201
2022_1159_1350,0.326312677
2022_1159_1353,0.259186369
2022_1159_1355,0.237354921
2022_1159_1361,0.186959744
2022_1159_1362,0.200906509
2022_1159_1371,0.175824073
2022_1159_1388,0.155224912
2022_1159_1389,0.49400226
2022_1159_1394,0.698387606
2022_1159_1395,0.193175069
2022_1159_1397,0.125541336
2022_1159_1400,0.158226312
2022_1159_1403,0.137097033
2022_1159_1411,0.644587648
2022_1159_1412,0.27432172
2022_1159_1417,0.139282212
2022_1159_1425,0.164853266
2022_1159_1436,0.29723837
2022_1159_1437,0.132036054
2022_1159_1439,0.256110804
2022_1159_1458,0.137463349
2022_1159_1460,0.622422586
2022_1159_1461,0.215527836
2022_1159_1463,0.459061275
2022_1161_1163,0.502346855
2022_1161_1166,0.560477285
2022_1161_1168,0.84863993
2022_1161_1172,0.533735902
2022_1161_1174,0.804358783
2022_1161_1181,0.474333848
2022_1161_1209,0.82056108
2022_1161_1211,0.459210119
2022_1161_1222,0.478728037
2022_1161_1228,0.487316098
2022_1161_1231,0.586913245
2022_1161_1234,0.505922074
2022_1161_1235,0.52858195
2022_1161_1240,0.808888581
2022_1161_1242,0.458046975
2022_1161_1246,0.458813923
2022_1161_1255,0.740381693
2022_1161_1260,0.538044303
2022_1161_1261,0.504488335
2022_1161_1266,0.544420606
2022_1161_1272,0.554379313
2022_1161_1274,0.550826237
2022_1161_1276,0.552490171
2022_1161_1277,0.523443506
2022_1161_1286,0.757497471
2022_1161_1293,0.505504321
2022_1161_1308,0.622360629
2022_1161_1313,0.802282157
2022_1161_1314,0.510242684
2022_1161_1323,0.560041826
2022_1161_1326,0.524750508
2022_1161_1344,0.472885738
2022_1161_1345,0.471129383
2022_1161_1350,0.668821859
2022_1161_1353,0.601695551
2022_1161_1355,0.579864103
2022_1161_1361,0.529468926
2022_1161_1362,0.543415691
2022_1161_1371,0.518333255
2022_1161_1388,0.497734094
2022_1161_1389,0.836511441
2022_1161_1394,0.965
2022_1161_1395,0.535684251
2022_1161_1397,0.468050518
2022_1161_1400,0.500735494
2022_1161_1403,0.479606215
2022_1161_1411,0.965
2022_1161_1412,0.616830902
2022_1161_1417,0.481791394
2022_1161_1425,0.507362448
2022_1161_1436,0.639747552
2022_1161_1437,0.474545236
2022_1161_1439,0.598619985
2022_1161_1458,0.479972531
2022_1161_1460,0.964931768
2022_1161_1461,0.558037018
2022_1161_1463,0.801570457
2022_1163_1166,0.558807853
2022_1163_1168,0.846970498
2022_1163_1172,0.532066469
2022_1163_1174,0.802689351
2022_1163_1181,0.472664416
2022_1163_1209,0.818891648
2022_1163_1211,0.457540687
2022_1163_1222,0.477058605
2022_1163_1228,0.485646666
2022_1163_1231,0.585243813
2022_1163_1234,0.504252641
2022_1163_1235,0.526912518
2022_1163_1240,0.807219149
2022_1163_1242,0.456377543
2022_1163_1246,0.457144491
2022_1163_1255,0.738712261
2022_1163_1260,0.536374871
2022_1163_1261,0.502818903
2022_1163_1266,0.542751174
2022_1163_1272,0.55270988
2022_1163_1274,0.549156805
2022_1163_1276,0.550820739
2022_1163_1277,0.521774074
2022_1163_1286,0.755828039
2022_1163_1293,0.503834889
2022_1163_1308,0.620691197
2022_1163_1313,0.800612725
2022_1163_1314,0.508573251
2022_1163_1323,0.558372393
2022_1163_1326,0.523081076
2022_1163_1344,0.471216306
2022_1163_1345,0.469459951
2022_1163_1350,0.667152427
2022_1163_1353,0.600026119
2022_1163_1355,0.578194671
2022_1163_1361,0.527799494
2022_1163_1362,0.541746259
2022_1163_1371,0.516663823
2022_1163_1388,0.496064662
2022_1163_1389,0.834842009
2022_1163_1394,0.965
2022_1163_1395,0.534014819
2022_1163_1397,0.466381086
2022_1163_1400,0.499066062
2022_1163_1403,0.477936782
2022_1163_1411,0.965
2022_1163_1412,0.61516147
2022_1163_1417,0.480121962
2022_1163_1425,0.505693016
2022_1163_1436,0.63807812
2022_1163_1437,0.472875803
2022_1163_1439,0.596950553
2022_1163_1458,0.478303099
2022_1163_1460,0.963262336
2022_1163_1461,0.556367586
2022_1163_1463,0.799901025
2022_1166_1168,0.788840068
2022_1166_1172,0.47393604
2022_1166_1174,0.744558921
2022_1166_1181,0.414533987
2022_1166_1209,0.760761218
2022_1166_1211,0.399410257
2022_1166_1222,0.418928175
2022_1166_1228,0.427516237
2022_1166_1231,0.527113384
2022_1166_1234,0.446122212
2022_1166_1235,0.468782089
2022_1166_1240,0.749088719
2022_1166_1242,0.398247113
2022_1166_1246,0.399014062
2022_1166_1255,0.680581831
2022_1166_1260,0.478244442
2022_1166_1261,0.444688473
2022_1166_1266,0.484620744
2022_1166_1272,0.494579451
2022_1166_1274,0.491026376
2022_1166_1276,0.492690309
2022_1166_1277,0.463643645
2022_1166_1286,0.69769761
2022_1166_1293,0.44570446
2022_1166_1308,0.562560767
2022_1166_1313,0.742482296
2022_1166_1314,0.450442822
2022_1166_1323,0.500241964
2022_1166_1326,0.464950646
2022_1166_1344,0.413085877
2022_1166_1345,0.411329521
2022_1166_1350,0.609021997
2022_1166_1353,0.541895689
2022_1166_1355,0.520064242
2022_1166_1361,0.469669065
2022_1166_1362,0.483615829
2022_1166_1371,0.458533393
2022_1166_1388,0.437934232
2022_1166_1389,0.77671158
2022_1166_1394,0.965
2022_1166_1395,0.475884389
2022_1166_1397,0.408250656
2022_1166_1400,0.440935632
2022_1166_1403,0.419806353
2022_1166_1411,0.927296968
2022_1166_1412,0.55703104
2022_1166_1417,0.421991532
2022_1166_1425,0.447562586
2022_1166_1436,0.579947691
2022_1166_1437,0.414745374
2022_1166_1439,0.538820124
2022_1166_1458,0.42017267
2022_1166_1460,0.905131906
2022_1166_1461,0.498237157
2022_1166_1463,0.741770595
2022_1168_1172,0.185773395
2022_1168_1174,0.456396276
2022_1168_1181,0.126371341
2022_1168_1209,0.472598573
2022_1168_1211,0.111247612
2022_1168_1222,0.13076553
2022_1168_1228,0.139353591
2022_1168_1231,0.238950738
2022_1168_1234,0.157959567
2022_1168_1235,0.180619443
2022_1168_1240,0.460926074
2022_1168_1242,0.110084468
2022_1168_1246,0.110851416
2022_1168_1255,0.392419186
2022_1168_1260,0.190081796
2022_1168_1261,0.156525828
2022_1168_1266,0.196458099
2022_1168_1272,0.206416806
2022_1168_1274,0.202863731
2022_1168_1276,0.204527664
2022_1168_1277,0.175481
2022_1168_1286,0.409534965
2022_1168_1293,0.157541815
2022_1168_1308,0.274398122
2022_1168_1313,0.454319651
2022_1168_1314,0.162280177
2022_1168_1323,0.212079319
2022_1168_1326,0.176788001
2022_1168_1344,0.124923231
2022_1168_1345,0.123166876
2022_1168_1350,0.320859352
2022_1168_1353,0.253733044
2022_1168_1355,0.231901596
2022_1168_1361,0.181506419
2022_1168_1362,0.195453184
2022_1168_1371,0.170370748
2022_1168_1388,0.149771587
2022_1168_1389,0.488548935
2022_1168_1394,0.692934281
2022_1168_1395,0.187721744
2022_1168_1397,0.120088011
2022_1168_1400,0.152772987
2022_1168_1403,0.131643708
2022_1168_1411,0.639134323
2022_1168_1412,0.268868395
2022_1168_1417,0.133828887
2022_1168_1425,0.159399941
2022_1168_1436,0.291785045
2022_1168_1437,0.126582729
2022_1168_1439,0.250657478
2022_1168_1458,0.132010024
2022_1168_1460,0.616969261
2022_1168_1461,0.210074511
2022_1168_1463,0.45360795
2022_1172_1174,0.771300305
2022_1172_1181,0.44127537
2022_1172_1209,0.787502601
2022_1172_1211,0.42615164
2022_1172_1222,0.445669558
2022_1172_1228,0.45425762
2022_1172_1231,0.553854767
2022_1172_1234,0.472863595
2022_1172_1235,0.495523472
2022_1172_1240,0.775830103
2022_1172_1242,0.424988496
2022_1172_1246,0.425755445
2022_1172_1255,0.707323214
2022_1172_1260,0.504985825
2022_1172_1261,0.471429856
2022_1172_1266,0.511362128
2022_1172_1272,0.521320834
2022_1172_1274,0.517767759
2022_1172_1276,0.519431692
2022_1172_1277,0.490385028
2022_1172_1286,0.724438993
2022_1172_1293,0.472445843
2022_1172_1308,0.58930215
2022_1172_1313,0.769223679
2022_1172_1314,0.477184205
2022_1172_1323,0.526983347
2022_1172_1326,0.49169203
2022_1172_1344,0.43982726
2022_1172_1345,0.438070904
2022_1172_1350,0.63576338
2022_1172_1353,0.568637072
2022_1172_1355,0.546805625
2022_1172_1361,0.496410448
2022_1172_1362,0.510357213
2022_1172_1371,0.485274777
2022_1172_1388,0.464675615
2022_1172_1389,0.803452963
2022_1172_1394,0.965
2022_1172_1395,0.502625772
2022_1172_1397,0.434992039
2022_1172_1400,0.467677016
2022_1172_1403,0.446547736
2022_1172_1411,0.954038352
2022_1172_1412,0.583772424
2022_1172_1417,0.448732916
2022_1172_1425,0.474303969
2022_1172_1436,0.606689074
2022_1172_1437,0.441486757
2022_1172_1439,0.565561507
2022_1172_1458,0.446914053
2022_1172_1460,0.931873289
2022_1172_1461,0.52497854
2022_1172_1463,0.768511978
2022_1174_1181,0.170652488
2022_1174_1209,0.51687972
2022_1174_1211,0.155528759
2022_1174_1222,0.175046677
2022_1174_1228,0.183634738
2022_1174_1231,0.283231886
2022_1174_1234,0.202240714
2022_1174_1235,0.22490059
2022_1174_1240,0.505207221
2022_1174_1242,0.154365615
2022_1174_1246,0.155132563
2022_1174_1255,0.436700333
2022_1174_1260,0.234362943
2022_1174_1261,0.200806975
2022_1174_1266,0.240739246
2022_1174_1272,0.250697953
2022_1174_1274,0.247144878
2022_1174_1276,0.248808811
2022_1174_1277,0.219762147
2022_1174_1286,0.453816112
2022_1174_1293,0.201822962
2022_1174_1308,0.318679269
2022_1174_1313,0.498600798
2022_1174_1314,0.206561324
2022_1174_1323,0.256360466
2022_1174_1326,0.221069148
2022_1174_1344,0.169204378
2022_1174_1345,0.167448023
2022_1174_1350,0.365140499
2022_1174_1353,0.298014191
2022_1174_1355,0.276182743
2022_1174_1361,0.225787566
2022_1174_1362,0.239734331
2022_1174_1371,0.214651895
2022_1174_1388,0.194052734
2022_1174_1389,0.532830082
2022_1174_1394,0.737215428
2022_1174_1395,0.232002891
2022_1174_1397,0.164369158
2022_1174_1400,0.197054134
2022_1174_1403,0.175924855
2022_1174_1411,0.68341547
2022_1174_1412,0.313149542
2022_1174_1417,0.178110034
2022_1174_1425,0.203681088
2022_1174_1436,0.336066192
2022_1174_1437,0.170863876
2022_1174_1439,0.294938626
2022_1174_1458,0.176291171
2022_1174_1460,0.661250408
2022_1174_1461,0.254355658
2022_1174_1463,0.497889097
2022_1181_1209,0.846904655
2022_1181_1211,0.485553694
2022_1181_1222,0.505071612
2022_1181_1228,0.513659673
2022_1181_1231,0.61325682
2022_1181_1234,0.532265649
2022_1181_1235,0.554925525
2022_1181_1240,0.835232156
2022_1181_1242,0.48439055
2022_1181_1246,0.485157498
2022_1181_1255,0.766725268
2022_1181_1260,0.564387878
2022_1181_1261,0.53083191
2022_1181_1266,0.570764181
2022_1181_1272,0.580722887
2022_1181_1274,0.577169812
2022_1181_1276,0.578833746
2022_1181_1277,0.549787081
2022_1181_1286,0.783841046
2022_1181_1293,0.531847896
2022_1181_1308,0.648704204
2022_1181_1313,0.828625732
2022_1181_1314,0.536586258
2022_1181_1323,0.5863854
2022_1181_1326,0.551094083
2022_1181_1344,0.499229313
2022_1181_1345,0.497472958
2022_1181_1350,0.695165434
2022_1181_1353,0.628039126
2022_1181_1355,0.606207678
2022_1181_1361,0.555812501
2022_1181_1362,0.569759266
2022_1181_1371,0.54467683
2022_1181_1388,0.524077669
2022_1181_1389,0.862855016
2022_1181_1394,0.965
2022_1181_1395,0.562027826
2022_1181_1397,0.494394093
2022_1181_1400,0.527079069
2022_1181_1403,0.50594979
2022_1181_1411,0.965
2022_1181_1412,0.643174477
2022_1181_1417,0.508134969
2022_1181_1425,0.533706023
2022_1181_1436,0.666091127
2022_1181_1437,0.500888811
2022_1181_1439,0.62496356
2022_1181_1458,0.506316106
2022_1181_1460,0.965
2022_1181_1461,0.584380593
2022_1181_1463,0.827914032
2022_1209_1211,0.139326462
2022_1209_1222,0.15884438
2022_1209_1228,0.167432441
2022_1209_1231,0.267029589
2022_1209_1234,0.186038417
2022_1209_1235,0.208698293
2022_1209_1240,0.489004924
2022_1209_1242,0.138163318
2022_1209_1246,0.138930266
2022_1209_1255,0.420498036
2022_1209_1260,0.218160647
2022_1209_1261,0.184604678
2022_1209_1266,0.224536949
2022_1209_1272,0.234495656
2022_1209_1274,0.230942581
2022_1209_1276,0.232606514
2022_1209_1277,0.20355985
2022_1209_1286,0.437613815
2022_1209_1293,0.185620665
2022_1209_1308,0.302476972
2022_1209_1313,0.482398501
2022_1209_1314,0.190359027
2022_1209_1323,0.240158169
2022_1209_1326,0.204866851
2022_1209_1344,0.153002082
2022_1209_1345,0.151245726
2022_1209_1350,0.348938202
2022_1209_1353,0.281811894
2022_1209_1355,0.259980447
2022_1209_1361,0.20958527
2022_1209_1362,0.223532034
2022_1209_1371,0.198449598
2022_1209_1388,0.177850437
2022_1209_1389,0.516627785
2022_1209_1394,0.721013131
2022_1209_1395,0.215800594
2022_1209_1397,0.148166861
2022_1209_1400,0.180851837
2022_1209_1403,0.159722558
2022_1209_1411,0.667213173
2022_1209_1412,0.296947245
2022_1209_1417,0.161907737
2022_1209_1425,0.187478791
2022_1209_1436,0.319863896
2022_1209_1437,0.154661579
2022_1209_1439,0.278736329
2022_1209_1458,0.160088875
2022_1209_1460,0.645048111
2022_1209_1461,0.238153361
2022_1209_1463,0.4816868
2022_1211_1222,0.520195341
2022_1211_1228,0.528783403
2022_1211_1231,0.62838055
2022_1211_1234,0.547389378
2022_1211_1235,0.570049255
2022_1211_1240,0.850355885
2022_1211_1242,0.499514279
2022_1211_1246,0.500281228
2022_1211_1255,0.781848997
2022_1211_1260,0.579511608
2022_1211_1261,0.545955639
2022_1211_1266,0.58588791
2022_1211_1272,0.595846617
2022_1211_1274,0.592293542
2022_1211_1276,0.593957475
2022_1211_1277,0.564910811
2022_1211_1286,0.798964776
2022_1211_1293,0.546971626
2022_1211_1308,0.663827933
2022_1211_1313,0.843749462
2022_1211_1314,0.551709988
2022_1211_1323,0.60150913
2022_1211_1326,0.566217812
2022_1211_1344,0.514353043
2022_1211_1345,0.512596687
2022_1211_1350,0.710289163
2022_1211_1353,0.643162855
2022_1211_1355,0.621331408
2022_1211_1361,0.570936231
2022_1211_1362,0.584882995
2022_1211_1371,0.559800559
2022_1211_1388,0.539201398
2022_1211_1389,0.877978746
2022_1211_1394,0.965
2022_1211_1395,0.577151555
2022_1211_1397,0.509517822
2022_1211_1400,0.542202798
2022_1211_1403,0.521073519
2022_1211_1411,0.965
2022_1211_1412,0.658298206
2022_1211_1417,0.523258698
2022_1211_1425,0.548829752
2022_1211_1436,0.681214857
2022_1211_1437,0.51601254
2022_1211_1439,0.64008729
2022_1211_1458,0.521439836
2022_1211_1460,0.965
2022_1211_1461,0.599504323
2022_1211_1463,0.843037761
2022_1222_1228,0.509265484
2022_1222_1231,0.608862632
2022_1222_1234,0.52787146
2022_1222_1235,0.550531336
2022_1222_1240,0.830837967
2022_1222_1242,0.479996361
2022_1222_1246,0.48076331
2022_1222_1255,0.762331079
2022_1222_1260,0.55999369
2022_1222_1261,0.526437721
2022_1222_1266,0.566369992
2022_1222_1272,0.576328699
2022_1222_1274,0.572775624
2022_1222_1276,0.574439557
2022_1222_1277,0.545392893
2022_1222_1286,0.779446858
2022_1222_1293,0.527453708
2022_1222_1308,0.644310015
2022_1222_1313,0.824231544
2022_1222_1314,0.53219207
2022_1222_1323,0.581991212
2022_1222_1326,0.546699894
2022_1222_1344,0.494835125
2022_1222_1345,0.493078769
2022_1222_1350,0.690771245
2022_1222_1353,0.623644937
2022_1222_1355,0.60181349
2022_1222_1361,0.551418313
2022_1222_1362,0.565365077
2022_1222_1371,0.540282641
2022_1222_1388,0.51968348
2022_1222_1389,0.858460828
2022_1222_1394,0.965
2022_1222_1395,0.557633637
2022_1222_1397,0.489999904
2022_1222_1400,0.52268488
2022_1222_1403,0.501555601
2022_1222_1411,0.965
2022_1222_1412,0.638780288
2022_1222_1417,0.50374078
2022_1222_1425,0.529311834
2022_1222_1436,0.661696939
2022_1222_1437,0.496494622
2022_1222_1439,0.620569372
2022_1222_1458,0.501921918
2022_1222_1460,0.965
2022_1222_1461,0.579986404
2022_1222_1463,0.823519843
2022_1228_1231,0.60027457
2022_1228_1234,0.519283399
2022_1228_1235,0.541943275
2022_1228_1240,0.822249906
2022_1228_1242,0.4714083
2022_1228_1246,0.472175248
2022_1228_1255,0.753743018
2022_1228_1260,0.551405628
2022_1228_1261,0.51784966
2022_1228_1266,0.557781931
2022_1228_1272,0.567740637
2022_1228_1274,0.564187562
2022_1228_1276,0.565851496
2022_1228_1277,0.536804831
2022_1228_1286,0.770858796
2022_1228_1293,0.518865646
2022_1228_1308,0.635721954
2022_1228_1313,0.815643482
2022_1228_1314,0.523604009
2022_1228_1323,0.57340315
2022_1228_1326,0.538111833
2022_1228_1344,0.486247063
2022_1228_1345,0.484490708
2022_1228_1350,0.682183184
2022_1228_1353,0.615056876
2022_1228_1355,0.593225428
2022_1228_1361,0.542830251
2022_1228_1362,0.556777016
2022_1228_1371,0.53169458
2022_1228_1388,0.511095419
2022_1228_1389,0.849872766
2022_1228_1394,0.965
2022_1228_1395,0.549045576
2022_1228_1397,0.481411843
2022_1228_1400,0.514096819
2022_1228_1403,0.49296754
2022_1228_1411,0.965
2022_1228_1412,0.630192227
2022_1228_1417,0.495152719
2022_1228_1425,0.520723773
2022_1228_1436,0.653108877
2022_1228_1437,0.487906561
2022_1228_1439,0.61198131
2022_1228_1458,0.493333856
2022_1228_1460,0.965
2022_1228_1461,0.571398343
2022_1228_1463,0.814931782
2022_1231_1234,0.419686251
2022_1231_1235,0.442346128
2022_1231_1240,0.722652759
2022_1231_1242,0.371811153
2022_1231_1246,0.372578101
2022_1231_1255,0.654145871
2022_1231_1260,0.451808481
2022_1231_1261,0.418252513
2022_1231_1266,0.458184784
2022_1231_1272,0.46814349
2022_1231_1274,0.464590415
2022_1231_1276,0.466254348
2022_1231_1277,0.437207684
2022_1231_1286,0.671261649
2022_1231_1293,0.419268499
2022_1231_1308,0.536124807
2022_1231_1313,0.716046335
2022_1231_1314,0.424006861
2022_1231_1323,0.473806003
2022_1231_1326,0.438514686
2022_1231_1344,0.386649916
2022_1231_1345,0.38489356
2022_1231_1350,0.582586037
2022_1231_1353,0.515459729
2022_1231_1355,0.493628281
2022_1231_1361,0.443233104
2022_1231_1362,0.457179869
2022_1231_1371,0.432097433
2022_1231_1388,0.411498271
2022_1231_1389,0.750275619
2022_1231_1394,0.954660966
2022_1231_1395,0.449448429
2022_1231_1397,0.381814696
2022_1231_1400,0.414499672
2022_1231_1403,0.393370392
2022_1231_1411,0.900861008
2022_1231_1412,0.53059508
2022_1231_1417,0.395555572
2022_1231_1425,0.421126626
2022_1231_1436,0.55351173
2022_1231_1437,0.388309413
2022_1231_1439,0.512384163
2022_1231_1458,0.393736709
2022_1231_1460,0.878695945
2022_1231_1461,0.471801196
2022_1231_1463,0.715334635
2022_1234_1235,0.5233373
2022_1234_1240,0.80364393
2022_1234_1242,0.452802324
2022_1234_1246,0.453569273
2022_1234_1255,0.735137042
2022_1234_1260,0.532799653
2022_1234_1261,0.499243684
2022_1234_1266,0.539175956
2022_1234_1272,0.549134662
2022_1234_1274,0.545581587
2022_1234_1276,0.54724552
2022_1234_1277,0.518198856
2022_1234_1286,0.752252821
2022_1234_1293,0.500259671
2022_1234_1308,0.617115978
2022_1234_1313,0.797037507
2022_1234_1314,0.504998033
2022_1234_1323,0.554797175
2022_1234_1326,0.519505858
2022_1234_1344,0.467641088
2022_1234_1345,0.465884732
2022_1234_1350,0.663577208
2022_1234_1353,0.5964509
2022_1234_1355,0.574619453
2022_1234_1361,0.524224276
2022_1234_1362,0.53817104
2022_1234_1371,0.513088604
2022_1234_1388,0.492489443
2022_1234_1389,0.831266791
2022_1234_1394,0.965
2022_1234_1395,0.5304396
2022_1234_1397,0.462805867
2022_1234_1400,0.495490844
2022_1234_1403,0.474361564
2022_1234_1411,0.965
2022_1234_1412,0.611586251
2022_1234_1417,0.476546744
2022_1234_1425,0.502117797
2022_1234_1436,0.634502902
2022_1234_1437,0.469300585
2022_1234_1439,0.593375335
2022_1234_1458,0.474727881
2022_1234_1460,0.959687117
2022_1234_1461,0.552792368
2022_1234_1463,0.796325806
2022_1235_1240,0.780984054
2022_1235_1242,0.430142448
2022_1235_1246,0.430909396
2022_1235_1255,0.712477166
2022_1235_1260,0.510139776
2022_1235_1261,0.476583808
2022_1235_1266,0.516516079
2022_1235_1272,0.526474785
2022_1235_1274,0.52292171
2022_1235_1276,0.524585644
2022_1235_1277,0.495538979
2022_1235_1286,0.729592944
2022_1235_1293,0.477599794
2022_1235_1308,0.594456102
2022_1235_1313,0.77437763
2022_1235_1314,0.482338157
2022_1235_1323,0.532137298
2022_1235_1326,0.496845981
2022_1235_1344,0.444981211
2022_1235_1345,0.443224856
2022_1235_1350,0.640917332
2022_1235_1353,0.573791024
2022_1235_1355,0.551959576
2022_1235_1361,0.501564399
2022_1235_1362,0.515511164
2022_1235_1371,0.490428728
2022_1235_1388,0.469829567
2022_1235_1389,0.808606914
2022_1235_1394,0.965
2022_1235_1395,0.507779724
2022_1235_1397,0.440145991
2022_1235_1400,0.472830967
2022_1235_1403,0.451701688
2022_1235_1411,0.959192303
2022_1235_1412,0.588926375
2022_1235_1417,0.453886867
2022_1235_1425,0.479457921
2022_1235_1436,0.611843025
2022_1235_1437,0.446640709
2022_1235_1439,0.570715458
2022_1235_1458,0.452068004
2022_1235_1460,0.937027241
2022_1235_1461,0.530132491
2022_1235_1463,0.77366593
2022_1240_1242,0.149835817
2022_1240_1246,0.150602765
2022_1240_1255,0.432170535
2022_1240_1260,0.229833145
2022_1240_1261,0.196277177
2022_1240_1266,0.236209448
2022_1240_1272,0.246168155
2022_1240_1274,0.24261508
2022_1240_1276,0.244279013
2022_1240_1277,0.215232349
2022_1240_1286,0.449286314
2022_1240_1293,0.197293164
2022_1240_1308,0.314149471
2022_1240_1313,0.494071
2022_1240_1314,0.202031526
2022_1240_1323,0.251830668
2022_1240_1326,0.21653935
2022_1240_1344,0.164674581
2022_1240_1345,0.162918225
2022_1240_1350,0.360610701
2022_1240_1353,0.293484393
2022_1240_1355,0.271652946
2022_1240_1361,0.221257769
2022_1240_1362,0.235204533
2022_1240_1371,0.210122097
2022_1240_1388,0.189522936
2022_1240_1389,0.528300284
2022_1240_1394,0.73268563
2022_1240_1395,0.227473093
2022_1240_1397,0.15983936
2022_1240_1400,0.192524336
2022_1240_1403,0.171395057
2022_1240_1411,0.678885672
2022_1240_1412,0.308619744
2022_1240_1417,0.173580236
2022_1240_1425,0.19915129
2022_1240_1436,0.331536395
2022_1240_1437,0.166334078
2022_1240_1439,0.290408828
2022_1240_1458,0.171761374
2022_1240_1460,0.65672061
2022_1240_1461,0.24982586
2022_1240_1463,0.493359299
2022_1242_1246,0.501444371
2022_1242_1255,0.783012141
2022_1242_1260,0.580674752
2022_1242_1261,0.547118783
2022_1242_1266,0.587051054
2022_1242_1272,0.597009761
2022_1242_1274,0.593456686
2022_1242_1276,0.595120619
2022_1242_1277,0.566073955
2022_1242_1286,0.80012792
2022_1242_1293,0.54813477
2022_1242_1308,0.664991077
2022_1242_1313,0.844912606
2022_1242_1314,0.552873132
2022_1242_1323,0.602672274
2022_1242_1326,0.567380956
2022_1242_1344,0.515516187
2022_1242_1345,0.513759831
2022_1242_1350,0.711452307
2022_1242_1353,0.644325999
2022_1242_1355,0.622494552
2022_1242_1361,0.572099375
2022_1242_1362,0.586046139
2022_1242_1371,0.560963703
2022_1242_1388,0.540364542
2022_1242_1389,0.87914189
2022_1242_1394,0.965
2022_1242_1395,0.578314699
2022_1242_1397,0.510680966
2022_1242_1400,0.543365942
2022_1242_1403,0.522236663
2022_1242_1411,0.965
2022_1242_1412,0.65946135
2022_1242_1417,0.524421842
2022_1242_1425,0.549992896
2022_1242_1436,0.682378001
2022_1242_1437,0.517175684
2022_1242_1439,0.641250434
2022_1242_1458,0.52260298
2022_1242_1460,0.965
2022_1242_1461,0.600667466
2022_1242_1463,0.844200905
2022_1246_1255,0.782245193
2022_1246_1260,0.579907803
2022_1246_1261,0.546351835
2022_1246_1266,0.586284106
2022_1246_1272,0.596242812
2022_1246_1274,0.592689737
2022_1246_1276,0.594353671
2022_1246_1277,0.565307006
2022_1246_1286,0.799360971
2022_1246_1293,0.547367821
2022_1246_1308,0.664224129
2022_1246_1313,0.844145657
2022_1246_1314,0.552106183
2022_1246_1323,0.601905325
2022_1246_1326,0.566614008
2022_1246_1344,0.514749238
2022_1246_1345,0.512992883
2022_1246_1350,0.710685359
2022_1246_1353,0.643559051
2022_1246_1355,0.621727603
2022_1246_1361,0.571332426
2022_1246_1362,0.585279191
2022_1246_1371,0.560196755
2022_1246_1388,0.539597594
2022_1246_1389,0.878374941
2022_1246_1394,0.965
2022_1246_1395,0.577547751
2022_1246_1397,0.509914018
2022_1246_1400,0.542598994
2022_1246_1403,0.521469715
2022_1246_1411,0.965
2022_1246_1412,0.658694402
2022_1246_1417,0.523654894
2022_1246_1425,0.549225948
2022_1246_1436,0.681611052
2022_1246_1437,0.516408736
2022_1246_1439,0.640483485
2022_1246_1458,0.521836031
2022_1246_1460,0.965
2022_1246_1461,0.599900518
2022_1246_1463,0.843433957
2022_1255_1260,0.298340034
2022_1255_1261,0.264784065
2022_1255_1266,0.304716336
2022_1255_1272,0.314675043
2022_1255_1274,0.311121968
2022_1255_1276,0.312785901
2022_1255_1277,0.283739237
2022_1255_1286,0.517793202
2022_1255_1293,0.265800052
2022_1255_1308,0.382656359
2022_1255_1313,0.562577888
2022_1255_1314,0.270538414
2022_1255_1323,0.320337556
2022_1255_1326,0.285046238
2022_1255_1344,0.233181469
2022_1255_1345,0.231425113
2022_1255_1350,0.429117589
2022_1255_1353,0.361991281
2022_1255_1355,0.340159834
2022_1255_1361,0.289764657
2022_1255_1362,0.303711421
2022_1255_1371,0.278628985
2022_1255_1388,0.258029824
2022_1255_1389,0.596807172
2022_1255_1394,0.801192518
2022_1255_1395,0.295979981
2022_1255_1397,0.228346248
2022_1255_1400,0.261031224
2022_1255_1403,0.239901945
2022_1255_1411,0.74739256
2022_1255_1412,0.377126632
2022_1255_1417,0.242087124
2022_1255_1425,0.267658178
2022_1255_1436,0.400043283
2022_1255_1437,0.234840966
2022_1255_1439,0.358915716
2022_1255_1458,0.240268262
2022_1255_1460,0.725227498
2022_1255_1461,0.318332748
2022_1255_1463,0.561866187
2022_1260_1261,0.467121455
2022_1260_1266,0.507053726
2022_1260_1272,0.517012432
2022_1260_1274,0.513459357
2022_1260_1276,0.515123291
2022_1260_1277,0.486076626
2022_1260_1286,0.720130591
2022_1260_1293,0.468137441
2022_1260_1308,0.584993749
2022_1260_1313,0.764915277
2022_1260_1314,0.472875803
2022_1260_1323,0.522674945
2022_1260_1326,0.487383628
2022_1260_1344,0.435518858
2022_1260_1345,0.433762503
2022_1260_1350,0.631454979
2022_1260_1353,0.564328671
2022_1260_1355,0.542497223
2022_1260_1361,0.492102046
2022_1260_1362,0.506048811
2022_1260_1371,0.480966375
2022_1260_1388,0.460367214
2022_1260_1389,0.799144561
2022_1260_1394,0.965
2022_1260_1395,0.498317371
2022_1260_1397,0.430683638
2022_1260_1400,0.463368614
2022_1260_1403,0.442239334
2022_1260_1411,0.94972995
2022_1260_1412,0.579464022
2022_1260_1417,0.444424514
2022_1260_1425,0.469995568
2022_1260_1436,0.602380672
2022_1260_1437,0.437178355
2022_1260_1439,0.561253105
2022_1260_1458,0.442605651
2022_1260_1460,0.927564888
2022_1260_1461,0.520670138
2022_1260_1463,0.764203577
2022_1261_1266,0.540609694
2022_1261_1272,0.550568401
2022_1261_1274,0.547015326
2022_1261_1276,0.548679259
2022_1261_1277,0.519632595
2022_1261_1286,0.75368656
2022_1261_1293,0.50169341
2022_1261_1308,0.618549717
2022_1261_1313,0.798471246
2022_1261_1314,0.506431772
2022_1261_1323,0.556230914
2022_1261_1326,0.520939596
2022_1261_1344,0.469074827
2022_1261_1345,0.467318471
2022_1261_1350,0.665010947
2022_1261_1353,0.597884639
2022_1261_1355,0.576053192
2022_1261_1361,0.525658015
2022_1261_1362,0.539604779
2022_1261_1371,0.514522343
2022_1261_1388,0.493923182
2022_1261_1389,0.83270053
2022_1261_1394,0.965
2022_1261_1395,0.531873339
2022_1261_1397,0.464239606
2022_1261_1400,0.496924582
2022_1261_1403,0.475795303
2022_1261_1411,0.965
2022_1261_1412,0.61301999
2022_1261_1417,0.477980482
2022_1261_1425,0.503551536
2022_1261_1436,0.635936641
2022_1261_1437,0.470734324
2022_1261_1439,0.594809074
2022_1261_1458,0.47616162
2022_1261_1460,0.961120856
2022_1261_1461,0.554226106
2022_1261_1463,0.797759545
2022_1266_1272,0.51063613
2022_1266_1274,0.507083055
2022_1266_1276,0.508746988
2022_1266_1277,0.479700324
2022_1266_1286,0.713754289
2022_1266_1293,0.461761139
2022_1266_1308,0.578617446
2022_1266_1313,0.758538975
2022_1266_1314,0.466499501
2022_1266_1323,0.516298643
2022_1266_1326,0.481007325
2022_1266_1344,0.429142556
2022_1266_1345,0.4273862
2022_1266_1350,0.625078676
2022_1266_1353,0.557952368
2022_1266_1355,0.53612092
2022_1266_1361,0.485725743
2022_1266_1362,0.499672508
2022_1266_1371,0.474590072
2022_1266_1388,0.453990911
2022_1266_1389,0.792768259
2022_1266_1394,0.965
2022_1266_1395,0.491941068
2022_1266_1397,0.424307335
2022_1266_1400,0.456992311
2022_1266_1403,0.435863032
2022_1266_1411,0.943353647
2022_1266_1412,0.573087719
2022_1266_1417,0.438048211
2022_1266_1425,0.463619265
2022_1266_1436,0.59600437
2022_1266_1437,0.430802053
2022_1266_1439,0.554876803
2022_1266_1458,0.436229348
2022_1266_1460,0.921188585
2022_1266_1461,0.514293835
2022_1266_1463,0.757827274
2022_1272_1274,0.497124348
2022_1272_1276,0.498788281
2022_1272_1277,0.469741617
2022_1272_1286,0.703795582
2022_1272_1293,0.451802432
2022_1272_1308,0.568658739
2022_1272_1313,0.748580268
2022_1272_1314,0.456540794
2022_1272_1323,0.506339936
2022_1272_1326,0.471048619
2022_1272_1344,0.419183849
2022_1272_1345,0.417427493
2022_1272_1350,0.615119969
2022_1272_1353,0.547993661
2022_1272_1355,0.526162214
2022_1272_1361,0.475767037
2022_1272_1362,0.489713802
2022_1272_1371,0.464631366
2022_1272_1388,0.444032204
2022_1272_1389,0.782809552
2022_1272_1394,0.965
2022_1272_1395,0.481982361
2022_1272_1397,0.414348628
2022_1272_1400,0.447033605
2022_1272_1403,0.425904325
2022_1272_1411,0.933394941
2022_1272_1412,0.563129013
2022_1272_1417,0.428089505
2022_1272_1425,0.453660558
2022_1272_1436,0.586045663
2022_1272_1437,0.420843346
2022_1272_1439,0.544918096
2022_1272_1458,0.426270642
2022_1272_1460,0.911229878
2022_1272_1461,0.504335129
2022_1272_1463,0.747868567
2022_1274_1276,0.502341356
2022_1274_1277,0.473294692
2022_1274_1286,0.707348657
2022_1274_1293,0.455355507
2022_1274_1308,0.572211814
2022_1274_1313,0.752133343
2022_1274_1314,0.460093869
2022_1274_1323,0.509893011
2022_1274_1326,0.474601694
2022_1274_1344,0.422736924
2022_1274_1345,0.420980568
2022_1274_1350,0.618673044
2022_1274_1353,0.551546737
2022_1274_1355,0.529715289
2022_1274_1361,0.479320112
2022_1274_1362,0.493266877
2022_1274_1371,0.468184441
2022_1274_1388,0.447585279
2022_1274_1389,0.786362627
2022_1274_1394,0.965
2022_1274_1395,0.485535436
2022_1274_1397,0.417901704
2022_1274_1400,0.45058668
2022_1274_1403,0.4294574
2022_1274_1411,0.936948016
2022_1274_1412,0.566682088
2022_1274_1417,0.43164258
2022_1274_1425,0.457213634
2022_1274_1436,0.589598738
2022_1274_1437,0.424396421
2022_1274_1439,0.548471171
2022_1274_1458,0.429823717
2022_1274_1460,0.914782953
2022_1274_1461,0.507888204
2022_1274_1463,0.751421642
2022_1276_1277,0.471630759
2022_1276_1286,0.705684724
2022_1276_1293,0.453691574
2022_1276_1308,0.570547881
2022_1276_1313,0.75046941
2022_1276_1314,0.458429936
2022_1276_1323,0.508229078
2022_1276_1326,0.47293776
2022_1276_1344,0.421072991
2022_1276_1345,0.419316635
2022_1276_1350,0.617009111
2022_1276_1353,0.549882803
2022_1276_1355,0.528051356
2022_1276_1361,0.477656179
2022_1276_1362,0.491602943
2022_1276_1371,0.466520507
2022_1276_1388,0.445921346
2022_1276_1389,0.784698694
2022_1276_1394,0.965
2022_1276_1395,0.483871503
2022_1276_1397,0.41623777
2022_1276_1400,0.448922746
2022_1276_1403,0.427793467
2022_1276_1411,0.935284082
2022_1276_1412,0.565018154
2022_1276_1417,0.429978646
2022_1276_1425,0.4555497
2022_1276_1436,0.587934805
2022_1276_1437,0.422732488
2022_1276_1439,0.546807238
2022_1276_1458,0.428159784
2022_1276_1460,0.91311902
2022_1276_1461,0.506224271
2022_1276_1463,0.749757709
2022_1277_1286,0.734731388
2022_1277_1293,0.482738238
2022_1277_1308,0.599594545
2022_1277_1313,0.779516074
2022_1277_1314,0.4874766
2022_1277_1323,0.537275742
2022_1277_1326,0.501984425
2022_1277_1344,0.450119655
2022_1277_1345,0.448363299
2022_1277_1350,0.646055775
2022_1277_1353,0.578929467
2022_1277_1355,0.55709802
2022_1277_1361,0.506702843
2022_1277_1362,0.520649608
2022_1277_1371,0.495567172
2022_1277_1388,0.47496801
2022_1277_1389,0.813745358
2022_1277_1394,0.965
2022_1277_1395,0.512918167
2022_1277_1397,0.445284434
2022_1277_1400,0.477969411
2022_1277_1403,0.456840131
2022_1277_1411,0.964330747
2022_1277_1412,0.594064819
2022_1277_1417,0.459025311
2022_1277_1425,0.484596364
2022_1277_1436,0.616981469
2022_1277_1437,0.451779152
2022_1277_1439,0.575853902
2022_1277_1458,0.457206448
2022_1277_1460,0.942165684
2022_1277_1461,0.535270935
2022_1277_1463,0.778804373
2022_1286_1293,0.248684273
2022_1286_1308,0.36554058
2022_1286_1313,0.545462109
2022_1286_1314,0.253422635
2022_1286_1323,0.303221777
2022_1286_1326,0.26793046
2022_1286_1344,0.21606569
2022_1286_1345,0.214309334
2022_1286_1350,0.41200181
2022_1286_1353,0.344875502
2022_1286_1355,0.323044055
2022_1286_1361,0.272648878
2022_1286_1362,0.286595643
2022_1286_1371,0.261513207
2022_1286_1388,0.240914045
2022_1286_1389,0.579691393
2022_1286_1394,0.78407674
2022_1286_1395,0.278864202
2022_1286_1397,0.211230469
2022_1286_1400,0.243915446
2022_1286_1403,0.222786166
2022_1286_1411,0.730276782
2022_1286_1412,0.360010854
2022_1286_1417,0.224971346
2022_1286_1425,0.2505424
2022_1286_1436,0.382927504
2022_1286_1437,0.217725187
2022_1286_1439,0.341799937
2022_1286_1458,0.223152483
2022_1286_1460,0.708111719
2022_1286_1461,0.30121697
2022_1286_1463,0.544750408
2022_1293_1308,0.61753373
2022_1293_1313,0.797455259
2022_1293_1314,0.505415785
2022_1293_1323,0.555214927
2022_1293_1326,0.51992361
2022_1293_1344,0.46805884
2022_1293_1345,0.466302484
2022_1293_1350,0.66399496
2022_1293_1353,0.596868652
2022_1293_1355,0.575037205
2022_1293_1361,0.524642028
2022_1293_1362,0.538588793
2022_1293_1371,0.513506357
2022_1293_1388,0.492907195
2022_1293_1389,0.831684543
2022_1293_1394,0.965
2022_1293_1395,0.530857352
2022_1293_1397,0.463223619
2022_1293_1400,0.495908596
2022_1293_1403,0.474779316
2022_1293_1411,0.965
2022_1293_1412,0.612004004
2022_1293_1417,0.476964496
2022_1293_1425,0.50253555
2022_1293_1436,0.634920654
2022_1293_1437,0.469718337
2022_1293_1439,0.593793087
2022_1293_1458,0.475145633
2022_1293_1460,0.960104869
2022_1293_1461,0.55321012
2022_1293_1463,0.796743558
2022_1308_1313,0.680598952
2022_1308_1314,0.388559478
2022_1308_1323,0.43835862
2022_1308_1326,0.403067302
2022_1308_1344,0.351202533
2022_1308_1345,0.349446177
2022_1308_1350,0.547138653
2022_1308_1353,0.480012345
2022_1308_1355,0.458180898
2022_1308_1361,0.407785721
2022_1308_1362,0.421732485
2022_1308_1371,0.396650049
2022_1308_1388,0.376050888
2022_1308_1389,0.714828236
2022_1308_1394,0.919213582
2022_1308_1395,0.414001045
2022_1308_1397,0.346367312
2022_1308_1400,0.379052288
2022_1308_1403,0.357923009
2022_1308_1411,0.865413624
2022_1308_1412,0.495147696
2022_1308_1417,0.360108188
2022_1308_1425,0.385679242
2022_1308_1436,0.518064347
2022_1308_1437,0.35286203
2022_1308_1439,0.47693678
2022_1308_1458,0.358289326
2022_1308_1460,0.843248562
2022_1308_1461,0.436353812
2022_1308_1463,0.679887251
2022_1313_1314,0.208637949
2022_1313_1323,0.258437091
2022_1313_1326,0.223145774
2022_1313_1344,0.171281004
2022_1313_1345,0.169524648
2022_1313_1350,0.367217124
2022_1313_1353,0.300090817
2022_1313_1355,0.278259369
2022_1313_1361,0.227864192
2022_1313_1362,0.241810957
2022_1313_1371,0.216728521
2022_1313_1388,0.196129359
2022_1313_1389,0.534906707
2022_1313_1394,0.739292054
2022_1313_1395,0.234079516
2022_1313_1397,0.166445784
2022_1313_1400,0.19913076
2022_1313_1403,0.17800148
2022_1313_1411,0.685492096
2022_1313_1412,0.315226168
2022_1313_1417,0.18018666
2022_1313_1425,0.205757714
2022_1313_1436,0.338142818
2022_1313_1437,0.172940501
2022_1313_1439,0.297015251
2022_1313_1458,0.178367797
2022_1313_1460,0.663327033
2022_1313_1461,0.256432284
2022_1313_1463,0.499965722
2022_1314_1323,0.550476565
2022_1314_1326,0.515185248
2022_1314_1344,0.463320478
2022_1314_1345,0.461564122
2022_1314_1350,0.659256598
2022_1314_1353,0.59213029
2022_1314_1355,0.570298843
2022_1314_1361,0.519903666
2022_1314_1362,0.533850431
2022_1314_1371,0.508767994
2022_1314_1388,0.488168833
2022_1314_1389,0.826946181
2022_1314_1394,0.965
2022_1314_1395,0.52611899
2022_1314_1397,0.458485257
2022_1314_1400,0.491170234
2022_1314_1403,0.470040954
2022_1314_1411,0.965
2022_1314_1412,0.607265642
2022_1314_1417,0.472226134
2022_1314_1425,0.497797187
2022_1314_1436,0.630182292
2022_1314_1437,0.464979975
2022_1314_1439,0.589054725
2022_1314_1458,0.470407271
2022_1314_1460,0.955366507
2022_1314_1461,0.548471758
2022_1314_1463,0.792005196
2022_1323_1326,0.465386106
2022_1323_1344,0.413521336
2022_1323_1345,0.41176498
2022_1323_1350,0.609457456
2022_1323_1353,0.542331148
2022_1323_1355,0.520499701
2022_1323_1361,0.470104524
2022_1323_1362,0.484051289
2022_1323_1371,0.458968853
2022_1323_1388,0.438369691
2022_1323_1389,0.777147039
2022_1323_1394,0.965
2022_1323_1395,0.476319848
2022_1323_1397,0.408686115
2022_1323_1400,0.441371092
2022_1323_1403,0.420241812
2022_1323_1411,0.927732428
2022_1323_1412,0.5574665
2022_1323_1417,0.422426992
2022_1323_1425,0.447998045
2022_1323_1436,0.58038315
2022_1323_1437,0.415180833
2022_1323_1439,0.539255583
2022_1323_1458,0.420608129
2022_1323_1460,0.905567365
2022_1323_1461,0.498672616
2022_1323_1463,0.742206054
2022_1326_1344,0.448812653
2022_1326_1345,0.447056298
2022_1326_1350,0.644748774
2022_1326_1353,0.577622466
2022_1326_1355,0.555791018
2022_1326_1361,0.505395841
2022_1326_1362,0.519342606
2022_1326_1371,0.49426017
2022_1326_1388,0.473661009
2022_1326_1389,0.812438357
2022_1326_1394,0.965
2022_1326_1395,0.511611166
2022_1326_1397,0.443977433
2022_1326_1400,0.476662409
2022_1326_1403,0.45553313
2022_1326_1411,0.963023745
2022_1326_1412,0.592757817
2022_1326_1417,0.457718309
2022_1326_1425,0.483289363
2022_1326_1436,0.615674467
2022_1326_1437,0.450472151
2022_1326_1439,0.574546901
2022_1326_1458,0.455899446
2022_1326_1460,0.940858683
2022_1326_1461,0.533963933
2022_1326_1463,0.777497372
2022_1344_1345,0.498921067
2022_1344_1350,0.696613544
2022_1344_1353,0.629487236
2022_1344_1355,0.607655788
2022_1344_1361,0.557260611
2022_1344_1362,0.571207376
2022_1344_1371,0.54612494
2022_1344_1388,0.525525779
2022_1344_1389,0.864303126
2022_1344_1394,0.965
2022_1344_1395,0.563475936
2022_1344_1397,0.495842203
2022_1344_1400,0.528527179
2022_1344_1403,0.507397899
2022_1344_1411,0.965
2022_1344_1412,0.644622587
2022_1344_1417,0.509583079
2022_1344_1425,0.535154133
2022_1344_1436,0.667539237
2022_1344_1437,0.50233692
2022_1344_1439,0.62641167
2022_1344_1458,0.507764216
2022_1344_1460,0.965
2022_1344_1461,0.585828703
2022_1344_1463,0.829362142
2022_1345_1350,0.698369899
2022_1345_1353,0.631243591
2022_1345_1355,0.609412144
2022_1345_1361,0.559016967
2022_1345_1362,0.572963731
2022_1345_1371,0.547881295
2022_1345_1388,0.527282134
2022_1345_1389,0.866059482
2022_1345_1394,0.965
2022_1345_1395,0.565232291
2022_1345_1397,0.497598558
2022_1345_1400,0.530283534
2022_1345_1403,0.509154255
2022_1345_1411,0.965
2022_1345_1412,0.646378942
2022_1345_1417,0.511339434
2022_1345_1425,0.536910488
2022_1345_1436,0.669295593
2022_1345_1437,0.504093276
2022_1345_1439,0.628168026
2022_1345_1458,0.509520572
2022_1345_1460,0.965
2022_1345_1461,0.587585059
2022_1345_1463,0.831118497
2022_1350_1353,0.433551115
2022_1350_1355,0.411719668
2022_1350_1361,0.361324491
2022_1350_1362,0.375271255
2022_1350_1371,0.350188819
2022_1350_1388,0.329589658
2022_1350_1389,0.668367006
2022_1350_1394,0.872752353
2022_1350_1395,0.367539815
2022_1350_1397,0.299906082
2022_1350_1400,0.332591058
2022_1350_1403,0.311461779
2022_1350_1411,0.818952394
2022_1350_1412,0.448686466
2022_1350_1417,0.313646958
2022_1350_1425,0.339218012
2022_1350_1436,0.471603117
2022_1350_1437,0.3064008
2022_1350_1439,0.43047555
2022_1350_1458,0.311828096
2022_1350_1460,0.796787332
2022_1350_1461,0.389892582
2022_1350_1463,0.633426021
2022_1353_1355,0.478845976
2022_1353_1361,0.428450799
2022_1353_1362,0.442397563
2022_1353_1371,0.417315127
2022_1353_1388,0.396715966
2022_1353_1389,0.735493314
2022_1353_1394,0.93987866
2022_1353_1395,0.434666123
2022_1353_1397,0.36703239
2022_1353_1400,0.399717366
2022_1353_1403,0.378588087
2022_1353_1411,0.886078702
2022_1353_1412,0.515812774
2022_1353_1417,0.380773266
2022_1353_1425,0.40634432
2022_1353_1436,0.538729425
2022_1353_1437,0.373527108
2022_1353_1439,0.497601858
2022_1353_1458,0.378954404
2022_1353_1460,0.86391364
2022_1353_1461,0.45701889
2022_1353_1463,0.700552329
2022_1355_1361,0.450282246
2022_1355_1362,0.464229011
2022_1355_1371,0.439146575
2022_1355_1388,0.418547414
2022_1355_1389,0.757324761
2022_1355_1394,0.961710108
2022_1355_1395,0.456497571
2022_1355_1397,0.388863838
2022_1355_1400,0.421548814
2022_1355_1403,0.400419534
2022_1355_1411,0.90791015
2022_1355_1412,0.537644222
2022_1355_1417,0.402604714
2022_1355_1425,0.428175768
2022_1355_1436,0.560560872
2022_1355_1437,0.395358555
2022_1355_1439,0.519433305
2022_1355_1458,0.400785851
2022_1355_1460,0.885745088
2022_1355_1461,0.478850338
2022_1355_1463,0.722383777
2022_1361_1362,0.514624188
2022_1361_1371,0.489541752
2022_1361_1388,0.468942591
2022_1361_1389,0.807719938
2022_1361_1394,0.965
2022_1361_1395,0.506892748
2022_1361_1397,0.439259015
2022_1361_1400,0.471943991
2022_1361_1403,0.450814711
2022_1361_1411,0.958305327
2022_1361_1412,0.588039399
2022_1361_1417,0.452999891
2022_1361_1425,0.478570945
2022_1361_1436,0.610956049
2022_1361_1437,0.445753732
2022_1361_1439,0.569828482
2022_1361_1458,0.451181028
2022_1361_1460,0.936140264
2022_1361_1461,0.529245515
2022_1361_1463,0.772778954
2022_1362_1371,0.475594987
2022_1362_1388,0.454995826
2022_1362_1389,0.793773174
2022_1362_1394,0.965
2022_1362_1395,0.492945983
2022_1362_1397,0.42531225
2022_1362_1400,0.457997226
2022_1362_1403,0.436867947
2022_1362_1411,0.944358562
2022_1362_1412,0.574092634
2022_1362_1417,0.439053126
2022_1362_1425,0.46462418
2022_1362_1436,0.597009285
2022_1362_1437,0.431806968
2022_1362_1439,0.555881718
2022_1362_1458,0.437234263
2022_1362_1460,0.9221935
2022_1362_1461,0.51529875
2022_1362_1463,0.758832189
2022_1371_1388,0.480078262
2022_1371_1389,0.81885561
2022_1371_1394,0.965
2022_1371_1395,0.518028419
2022_1371_1397,0.450394686
2022_1371_1400,0.483079662
2022_1371_1403,0.461950383
2022_1371_1411,0.965
2022_1371_1412,0.59917507
2022_1371_1417,0.464135562
2022_1371_1425,0.489706616
2022_1371_1436,0.622091721
2022_1371_1437,0.456889404
2022_1371_1439,0.580964154
2022_1371_1458,0.4623167
2022_1371_1460,0.947275936
2022_1371_1461,0.540381186
2022_1371_1463,0.783914625
2022_1388_1389,0.839454771
2022_1388_1394,0.965
2022_1388_1395,0.53862758
2022_1388_1397,0.470993847
2022_1388_1400,0.503678823
2022_1388_1403,0.482549544
2022_1388_1411,0.965
2022_1388_1412,0.619774231
2022_1388_1417,0.484734723
2022_1388_1425,0.510305777
2022_1388_1436,0.642690882
2022_1388_1437,0.477488565
2022_1388_1439,0.601563315
2022_1388_1458,0.482915861
2022_1388_1460,0.965
2022_1388_1461,0.560980347
2022_1388_1463,0.804513786
2022_1389_1394,0.70506277
2022_1389_1395,0.199850232
2022_1389_1397,0.132216499
2022_1389_1400,0.164901476
2022_1389_1403,0.143772196
2022_1389_1411,0.651262812
2022_1389_1412,0.280996884
2022_1389_1417,0.145957376
2022_1389_1425,0.17152843
2022_1389_1436,0.303913534
2022_1389_1437,0.138711217
2022_1389_1439,0.262785967
2022_1389_1458,0.144138513
2022_1389_1460,0.629097749
2022_1389_1461,0.222203
2022_1389_1463,0.465736438
2022_1394_1395,0.035
2022_1394_1397,0.035
2022_1394_1400,0.035
2022_1394_1403,0.035
2022_1394_1411,0.446877465
2022_1394_1412,0.076611537
2022_1394_1417,0.035
2022_1394_1425,0.035
2022_1394_1436,0.099528187
2022_1394_1437,0.035
2022_1394_1439,0.05840062
2022_1394_1458,0.035
2022_1394_1460,0.424712403
2022_1394_1461,0.035
2022_1394_1463,0.261351092
2022_1395_1397,0.43304369
2022_1395_1400,0.465728666
2022_1395_1403,0.444599387
2022_1395_1411,0.952090002
2022_1395_1412,0.581824074
2022_1395_1417,0.446784566
2022_1395_1425,0.47235562
2022_1395_1436,0.604740725
2022_1395_1437,0.439538408
2022_1395_1439,0.563613158
2022_1395_1458,0.444965704
2022_1395_1460,0.92992494
2022_1395_1461,0.52303019
2022_1395_1463,0.766563629
2022_1397_1400,0.533362399
2022_1397_1403,0.51223312
2022_1397_1411,0.965
2022_1397_1412,0.649457807
2022_1397_1417,0.514418299
2022_1397_1425,0.539989353
2022_1397_1436,0.672374458
2022_1397_1437,0.507172141
2022_1397_1439,0.631246891
2022_1397_1458,0.512599437
2022_1397_1460,0.965
2022_1397_1461,0.590663923
2022_1397_1463,0.834197362
2022_1400_1403,0.479548144
2022_1400_1411,0.965
2022_1400_1412,0.616772831
2022_1400_1417,0.481733323
2022_1400_1425,0.507304377
2022_1400_1436,0.639689481
2022_1400_1437,0.474487165
2022_1400_1439,0.598561915
2022_1400_1458,0.47991446
2022_1400_1460,0.964873697
2022_1400_1461,0.557978947
2022_1400_1463,0.801512386
2022_1403_1411,0.965
2022_1403_1412,0.63790211
2022_1403_1417,0.502862602
2022_1403_1425,0.528433656
2022_1403_1436,0.660818761
2022_1403_1437,0.495616444
2022_1403_1439,0.619691194
2022_1403_1458,0.50104374
2022_1403_1460,0.965
2022_1403_1461,0.579108227
2022_1403_1463,0.822641665
2022_1411_1412,0.130411495
2022_1411_1417,0.035
2022_1411_1425,0.035
2022_1411_1436,0.153328146
2022_1411_1437,0.035
2022_1411_1439,0.112200579
2022_1411_1458,0.035
2022_1411_1460,0.478512361
2022_1411_1461,0.071617611
2022_1411_1463,0.31515105
2022_1412_1417,0.365637915
2022_1412_1425,0.391208969
2022_1412_1436,0.523594074
2022_1412_1437,0.358391757
2022_1412_1439,0.482466507
2022_1412_1458,0.363819052
2022_1412_1460,0.848778289
2022_1412_1461,0.441883539
2022_1412_1463,0.685416978
2022_1417_1425,0.526248477
2022_1417_1436,0.658633582
2022_1417_1437,0.493431265
2022_1417_1439,0.617506015
2022_1417_1458,0.49885856
2022_1417_1460,0.965
2022_1417_1461,0.576923047
2022_1417_1463,0.820456486
2022_1425_1436,0.633062528
2022_1425_1437,0.467860211
2022_1425_1439,0.591934961
2022_1425_1458,0.473287507
2022_1425_1460,0.958246743
2022_1425_1461,0.551351993
2022_1425_1463,0.794885432
2022_1436_1437,0.335475106
2022_1436_1439,0.459549856
2022_1436_1458,0.340902402
2022_1436_1460,0.825861638
2022_1436_1461,0.418966889
2022_1436_1463,0.662500328
2022_1437_1439,0.624752173
2022_1437_1458,0.506104719
2022_1437_1460,0.965
2022_1437_1461,0.584169206
2022_1437_1463,0.827702644
2022_1439_1458,0.382029969
2022_1439_1460,0.866989205
2022_1439_1461,0.460094456
2022_1439_1463,0.703627894
2022_1458_1460,0.965
2022_1458_1461,0.57874191
2022_1458_1463,0.822275349
2022_1460_1461,0.093782674
2022_1460_1463,0.337316112
2022_1461_1463,0.744210862
